Fiber ID,Group ID,Point I,Point J,Point K,Area,cy,cz
0,0.0,14,7,20,60.0,100.0,38.0
1,0.0,15,356,358,30.651372534669292,25.175287750328835,40.37666557704347
2,0.0,58,14,81,48.0,91.08333333333337,38.0
3,0.0,178,40,26,21.988357609307513,92.74478383494329,77.25000000000057
4,0.0,252,248,52,46.97135843241051,5.822198085343018,150.6852454093605
5,0.0,46,45,93,52.5,61.41666666666663,34.0
6,0.0,100,97,63,33.211601759058794,148.125,27.469592246928897
7,0.0,62,97,100,32.22166296922842,143.74999999999972,25.090032309450883
8,0.0,63,64,103,52.5,155.74999999999994,34.0
9,0.0,438,435,445,44.92409999346819,173.82640514704508,72.16764665837991
10,0.0,59,58,81,52.5,86.91666666666671,34.00000000000003
11,0.0,398,297,408,23.744101177602715,115.96588377162459,63.91409214499069
12,0.0,25,197,39,40.0,98.33333333333343,131.33333333333326
13,0.0,80,466,376,40.289366977824564,2.14876623881731,18.75
14,0.0,348,56,183,27.476904420418578,69.08441613440357,101.2376888273534
15,0.0,119,50,51,52.5,61.41666666666663,166.0
16,0.0,121,124,119,31.396950527938316,56.24999999999932,174.78429722330247
17,0.0,69,145,417,62.23773228524806,142.50276737528975,182.76279463259834
18,0.0,195,25,194,40.75587256075323,89.79308535199164,124.8200038507398
19,0.0,149,70,69,41.69175881375304,151.74961245575616,178.0007322392188
20,0.0,318,430,333,46.24346605183018,172.55960201982703,111.09918015588562
21,0.0,159,160,54,52.5,130.2500000000001,166.00000000000034
22,0.0,157,158,305,58.106730144136236,177.89704948578992,169.77939347606025
23,0.0,8,13,21,60.0,100.0,162.0
24,0.0,154,10,314,52.5,164.41666666666652,166.0
25,0.0,276,287,514,33.577514454648735,180.02762666370654,36.05367523833149
26,0.0,151,152,149,54.66524255086733,160.12551631992835,188.9403951505907
27,0.0,7,14,42,40.0,98.33333333333337,44.666666666666686
28,0.0,4,356,15,31.468654965404937,28.25174139081085,35.999999999999986
29,0.0,322,324,310,42.47236538076322,161.82220160564611,137.0915306150123
30,0.0,85,86,87,53.40576171875,100.00000000000003,19.244532238298568
31,0.0,298,48,296,37.333333333333485,131.66666666666652,45.111111111111086
32,0.0,160,73,54,44.94209487196531,129.16666666666697,173.42415960929316
33,0.0,13,109,21,52.5,95.41666666666666,166.0000000000001
34,0.0,22,23,41,32.5,100.0,97.83333333333326
35,0.0,177,181,74,45.46532429134322,80.2277411287572,87.56147878253455
36,0.0,162,163,161,49.81730532131951,137.83333333333394,147.44152570247184
37,0.0,76,28,37,34.46962538003663,91.46465380717609,108.6666666666672
38,0.0,31,38,300,40.0,101.66666666666674,147.33333333333348
39,0.0,162,164,159,44.95466429612679,128.84240654124847,152.02128204470318
40,0.0,194,25,28,36.76568165832305,93.11458042777826,119.49999999999955
41,0.0,36,28,25,32.5,96.66666666666674,119.5
42,0.0,43,27,399,40.0,101.66666666666663,68.66666666666669
43,0.0,84,346,42,40.00319187936111,88.66660016917956,54.3335328257931
44,0.0,400,345,263,37.35716722535926,111.07818488503256,78.15183032609474
45,0.0,27,26,40,32.5,98.33333333333326,76.16666666666674
46,0.0,22,33,176,36.76568165832259,93.11458042777863,93.50000000000034
47,0.0,37,23,22,32.5,98.33333333333337,102.16666666666663
48,0.0,169,174,167,37.9258909951659,119.07809047881233,139.8400406014473
49,0.0,28,36,29,32.5,100.0,115.16666666666674
50,0.0,194,76,262,53.45287415896382,83.97065884908523,112.58760729544088
51,0.0,24,25,39,40.0,101.66666666666674,128.66666666666663
52,0.0,307,164,174,23.07774856438482,119.12132030507792,147.61049184740068
53,0.0,113,13,38,32.0,92.33333333333326,155.33333333333348
54,0.0,264,79,266,53.452874158962004,116.02934115091554,100.41239270455975
55,0.0,22,41,33,32.5,96.66666666666674,93.50000000000023
56,0.0,76,176,261,53.45287415896382,83.97065884908547,100.41239270455873
57,0.0,33,32,40,32.5,98.33333333333337,84.83333333333337
58,0.0,23,264,32,36.76568165832214,106.88541957222265,93.50000000000068
59,0.0,26,27,43,40.0,98.33333333333337,71.33333333333331
60,0.0,14,58,42,32.0,92.33333333333337,44.666666666666686
61,0.0,35,34,42,40.0,98.33333333333337,55.333333333333314
62,0.0,24,29,36,32.5,103.33333333333341,119.49999999999997
63,0.0,25,24,36,32.5,100.0,123.83333333333326
64,0.0,28,29,37,32.5,98.33333333333337,110.83333333333337
65,0.0,37,29,265,32.5,101.66666666666652,108.66666666666652
66,0.0,30,38,31,40.0,98.33333333333326,144.66666666666674
67,0.0,13,8,38,40.0,98.33333333333348,155.3333333333336
68,0.0,172,39,169,41.35269430972221,111.14580319836273,133.22024928620056
69,0.0,31,39,30,40.0,101.66666666666652,139.33333333333326
70,0.0,40,345,27,32.5,101.66666666666674,78.33333333333326
71,0.0,177,33,40,32.38457698892262,91.67850492421326,83.84666281592763
72,0.0,32,33,41,32.5,100.0,89.16666666666674
73,0.0,23,32,41,32.5,103.33333333333326,93.49999999999997
74,0.0,42,34,107,40.0,101.66666666666669,52.66666666666666
75,0.0,84,42,58,64.0,88.33333333333326,48.666666666666686
76,0.0,179,26,43,32.025459093103564,92.33121174224135,68.66666666666652
77,0.0,35,43,34,40.0,98.33333333333331,60.66666666666663
78,0.0,270,83,269,48.0,74.58333333333326,38.0
79,0.0,361,460,80,48.7028431053735,2.5974849656199215,33.0809041868872
80,0.0,90,81,86,31.66850196794951,91.24999999999991,25.174323509645795
81,0.0,180,184,181,42.23445545271352,71.99353045481627,80.14703301652617
82,0.0,60,61,92,52.5,44.08333333333333,34.000000000000014
83,0.0,7,104,20,52.5,104.58333333333326,34.0
84,0.0,96,409,101,44.082683367011214,126.24999999999994,23.282638725026857
85,0.0,410,106,108,41.066666666666606,117.39999999999998,48.35555555555561
86,0.0,506,389,85,42.27393143673493,97.2821463936204,11.018441071899673
87,0.0,48,97,49,52.5,138.58333333333326,34.0
88,0.0,67,68,138,52.5,44.25000000000006,166.0
89,0.0,116,66,118,55.390650277624445,81.04166666666697,175.90212994084004
90,0.0,114,110,113,48.0,83.0,154.0
91,0.0,66,110,299,52.5,78.41666666666663,166.0
92,0.0,53,142,302,48.0,142.58333333333348,162.00000000000023
93,0.0,147,149,69,31.96333410268926,150.4707474758443,184.6140688729156
94,0.0,311,312,327,50.129992958645744,147.7860528318804,135.63131816535224
95,0.0,141,308,146,45.51935551816496,111.66666666666652,173.46814137281262
96,0.0,166,308,141,52.5,113.08333333333337,165.9999999999999
97,0.0,186,182,192,57.99029770792936,56.212952628047844,87.32504793528949
98,0.0,412,157,411,35.94480767569439,177.13443903784218,180.12786019202122
99,0.0,37,22,76,34.46962538003754,91.46465380717541,104.33333333333303
100,0.0,29,344,265,25.859878474764628,107.65229522818095,111.19343637798613
101,0.0,344,24,172,60.70263293052085,110.50720898683801,122.83597230094381
102,0.0,20,86,81,30.021158854166742,95.62500000000006,27.71267361111107
103,0.0,358,359,82,32.27340024831312,16.63667222418251,45.6849280162302
104,0.0,385,86,85,29.51763955556578,93.2069149676079,17.806344251560077
105,0.0,59,83,58,48.0,82.83333333333326,38.0
106,0.0,60,92,461,48.0,40.91666666666666,38.0
107,0.0,189,182,187,35.406887679676856,56.83651967275165,75.3290340067121
108,0.0,387,59,90,35.0107269132767,83.40403943766864,23.09147647911861
109,0.0,464,93,61,52.5,52.749999999999986,33.999999999999986
110,0.0,290,283,282,47.346830390058926,178.4496671866093,11.920695356692704
111,0.0,277,509,100,42.5325465926752,146.7738888005524,16.036492155659204
112,0.0,6,514,287,59.46629633067414,175.62297799193038,38.05367523833115
113,0.0,5,103,446,52.5,164.33333333333303,34.00000000000006
114,0.0,454,298,456,41.08310775740574,134.788892607575,53.26252453599102
115,0.0,452,63,97,52.5,147.16666666666674,34.0
116,0.0,49,97,62,31.231724179397588,139.375,27.62044006252205
117,0.0,48,49,296,48.0,133.66666666666657,38.0
118,0.0,118,135,116,44.27722636506496,80.72223345535895,181.02489261594565
119,0.0,118,66,299,44.149610391785245,76.66666666666657,173.3637798393744
120,0.0,120,134,125,34.56140204166422,51.13902759871118,189.8127540546003
121,0.0,11,138,349,52.5,35.66666666666663,166.00000000000023
122,0.0,199,203,205,27.68982025191417,73.68018121940565,139.38369775057004
123,0.0,213,67,119,52.5,52.83333333333337,166.00000000000006
124,0.0,487,122,259,48.075706908241955,22.547546143129438,193.48522284217597
125,0.0,11,256,258,45.02150509651278,24.054135934392377,171.8445650550334
126,0.0,54,145,142,31.231724179397133,139.37500000000045,172.37955993747846
127,0.0,70,71,302,48.0,150.83333333333314,162.0000000000001
128,0.0,171,165,170,45.281261458296285,127.2200782108057,126.60353439837627
129,0.0,314,10,9,48.0,167.33333333333348,162.00000000000023
130,0.0,72,141,160,52.5,121.58333333333331,166.0
131,0.0,72,159,164,46.75610441873141,124.59240654124551,154.3328545553925
132,0.0,155,157,10,30.060631335913058,169.5553713412719,175.5440440655466
133,0.0,325,158,306,47.59619477950764,183.3969274252579,159.79280720958354
134,0.0,176,177,74,40.75587256075369,85.03551477263909,90.3466628159274
135,0.0,177,178,347,28.9695201853433,85.11092983584706,77.84239772194996
136,0.0,220,210,212,62.87751010815373,58.74053054991384,116.47533414646023
137,0.0,205,201,208,53.204757481858906,71.059496339828,149.1571715775433
138,0.0,76,22,176,52.852466209199065,89.57923423495356,99.99999999999955
139,0.0,76,261,262,32.73310791755148,80.24750303543931,106.50000000000068
140,0.0,355,267,77,55.3312105358209,127.8600489623617,86.58760729544156
141,0.0,410,298,296,31.733333333333576,126.73333333333312,47.46666666666647
142,0.0,78,266,267,55.848093843553215,124.9358149628016,96.0790593712261
143,0.0,264,355,263,53.45287415896382,116.02934115091443,86.5876072954411
144,0.0,172,173,344,41.025890404035636,115.14201799714874,120.66106992559685
145,0.0,79,175,266,43.004401058438816,120.44894850638343,107.0116379726527
146,0.0,14,20,81,52.5,95.41666666666663,33.99999999999997
147,0.0,270,271,272,37.54543958217005,70.99999999999997,48.25757326369501
148,0.0,275,392,394,29.7463348639387,57.91938382019771,10.144985869618615
149,0.0,517,461,516,27.847039815525818,38.33269783570202,46.81484790768124
150,0.0,230,367,241,33.00716147874414,12.536488924306198,100.03780864943371
151,0.0,183,56,261,41.98418889008008,73.14233163874164,100.99484380334616
152,0.0,270,45,46,48.0,66.33333333333334,38.0
153,0.0,84,58,83,48.0,83.0,46.0
154,0.0,81,90,59,33.31584508173228,86.875,27.461649898534702
155,0.0,179,178,26,40.07293673726008,90.07599557718427,72.41666666666667
156,0.0,20,87,86,52.780836613248994,101.45833333333331,24.244532238298575
157,0.0,87,20,104,45.51935551816496,105.83333333333337,26.531858627187404
158,0.0,388,387,386,39.033261680327996,79.13460540980728,11.573448023379555
159,0.0,101,409,49,33.211601759058794,130.62500000000045,27.46959224692887
160,0.0,510,96,505,34.07336775650981,117.37359876772598,17.388619301091012
161,0.0,385,90,86,31.642928920235818,90.29024830094141,20.26799415009482
162,0.0,91,387,388,35.531030837910976,76.09705505329981,15.566481341393455
163,0.0,90,385,387,25.55627848241454,85.36095440527663,18.185147119567603
164,0.0,378,92,61,35.31008739558706,43.12499999999997,27.309707627002886
165,0.0,269,91,45,44.149610391785245,70.83333333333329,26.636220160625882
166,0.0,394,392,390,33.949075902233545,59.502601019906194,5.186710603097698
167,0.0,4,92,468,41.36175212744786,34.630810284649726,26.848628409337294
168,0.0,461,4,15,48.0,32.66666666666666,38.0
169,0.0,464,61,60,51.0,49.33333333333334,37.999999999999986
170,0.0,393,275,395,31.726225518051706,57.705537265917016,19.680289591816518
171,0.0,452,97,48,49.5,142.00000000000017,38.0
172,0.0,289,102,290,49.30014396620459,181.06640401857885,2.6293410115309115
173,0.0,485,406,484,31.237969324481128,143.94698600894947,72.65421045284506
174,0.0,437,440,435,56.17382386767531,187.40934102032827,73.76185638523884
175,0.0,5,284,281,44.18755291276807,169.89400985481302,23.80091007443184
176,0.0,280,277,278,35.08443584985173,154.8100947670489,12.954860937629576
177,0.0,94,288,291,29.94077657311118,194.8608655357175,27.66467402739596
178,0.0,510,505,87,34.073367756509924,112.99859876772607,18.10743145018033
179,0.0,502,96,101,32.118768461345894,127.30088520111485,18.073673058139008
180,0.0,508,500,503,55.1042622970964,127.73717211639259,5.650685915141718
181,0.0,96,510,409,48.08278398221262,121.35951408935102,23.28605204554549
182,0.0,406,402,403,30.761970177832154,135.21074181885297,70.87108934153466
183,0.0,507,98,501,36.08869771048393,143.75,1.924730544559143
184,0.0,283,280,281,54.53842638386607,165.53329199928316,13.432295524259672
185,0.0,509,507,508,33.03024595597333,140.42799609950544,9.515489058284189
186,0.0,446,6,5,49.5,167.25,38.0
187,0.0,278,103,281,59.790318413632576,160.12219858884578,22.55761639387015
188,0.0,65,106,105,48.0,117.16666666666674,38.0
189,0.0,510,104,65,33.166801927252436,114.06784742268417,27.473005567447444
190,0.0,106,65,104,52.5,113.08333333333337,34.0
191,0.0,108,106,107,64.0,111.66666666666663,48.666666666666686
192,0.0,104,7,106,48.0,108.91666666666674,38.0
193,0.0,398,107,34,28.26666666666688,107.35555555555527,55.733333333333235
194,0.0,7,42,107,40.0,101.66666666666674,47.33333333333337
195,0.0,106,7,107,32.0,107.66666666666674,44.66666666666663
196,0.0,399,27,400,30.514064306497858,107.54283869220848,71.15183032609497
197,0.0,410,296,105,28.266666666666424,124.06666666666706,44.355555555555725
198,0.0,66,113,110,48.0,82.83333333333334,162.0
199,0.0,115,116,112,35.60384114583303,92.70833333333348,179.82567649035445
200,0.0,113,66,109,52.5,86.9166666666666,166.00000000000017
201,0.0,114,113,38,64.0,88.33333333333337,151.33333333333326
202,0.0,115,109,116,31.66850196794894,91.25000000000045,174.82567649035536
203,0.0,121,67,133,50.26686111049412,46.30030658003943,175.8168464124451
204,0.0,21,109,115,30.02115885416606,95.62500000000068,172.2873263888896
205,0.0,109,13,113,48.0,91.08333333333329,162.0
206,0.0,30,114,38,48.0,91.0,145.9999999999999
207,0.0,195,197,25,39.85794090944364,91.67850492421303,129.6533371840726
208,0.0,199,198,195,45.68255040110216,82.80075290939351,134.17909491851083
209,0.0,116,109,66,33.31584508173273,86.87499999999974,172.53835010146452
210,0.0,21,115,146,52.78083661325036,101.45833333333229,175.7554677617003
211,0.0,128,124,126,27.873055540224414,62.39363120386702,182.23659895832407
212,0.0,118,299,50,44.149610391785245,70.83333333333326,173.3637798393744
213,0.0,419,117,309,56.750404303482355,125.3463882103963,193.41970653738554
214,0.0,54,418,145,32.45817289244951,136.06335971171978,176.68108947102002
215,0.0,124,121,120,35.08349666887443,54.7916666666672,179.69749166775046
216,0.0,18,493,137,32.20426165228673,96.17545675630436,194.65420244282222
217,0.0,213,119,51,49.5,58.0,162.0
218,0.0,67,121,119,29.40218041445769,51.87500000000034,172.2401661268168
219,0.0,130,134,301,47.1888743479326,40.12335406979836,193.98697003921774
220,0.0,126,124,120,28.904973385787343,57.32775567903832,182.5128646343037
221,0.0,69,70,142,42.029018940191236,148.12499999999966,173.2022109668717
222,0.0,129,131,123,44.123444730119445,71.07589846434956,194.16553377002288
223,0.0,120,121,133,49.51416184699701,47.75863991337269,180.7300408568899
224,0.0,111,127,125,44.39003488990875,55.91107598173846,197.63253147253863
225,0.0,50,119,124,33.391720641416214,60.625000000000114,172.54413109648885
226,0.0,118,129,135,41.07371356444855,76.34268738275239,185.36155674855627
227,0.0,133,134,120,54.7603694957661,45.90325819701275,185.7569028676935
228,0.0,118,50,124,55.466525837308836,66.45833333333348,175.90791093586313
229,0.0,128,126,131,28.587747769955968,63.68240907415736,186.9829873977842
230,0.0,301,134,133,48.392039320126514,40.798660649837814,187.56365032484814
231,0.0,120,125,126,30.317124743663953,55.53049832744341,187.60126501035393
232,0.0,125,131,126,33.60675546827224,59.73594286439993,189.97859010185812
233,0.0,131,125,127,36.605394855853774,60.74152051869396,194.92305100848512
234,0.0,131,129,128,35.18997073267019,68.43344065584506,188.80246253848736
235,0.0,124,128,118,33.27477064246523,67.14920885816196,180.5448397043274
236,0.0,132,136,123,38.28424871507832,81.36588674504924,197.95817340186204
237,0.0,118,128,129,35.142689633267764,71.5196627855563,184.8757228419156
238,0.0,125,134,111,34.56140204166513,50.51402759871087,194.89955961015448
239,0.0,11,260,138,35.854354012867134,33.44164704219719,172.73176030574268
240,0.0,131,127,123,50.802758700972845,67.3304445369564,197.2905195359483
241,0.0,252,254,140,51.79599068108837,15.155033814972143,155.41319177468586
242,0.0,135,136,137,35.885603899406306,84.3866563298352,190.30253898040928
243,0.0,130,111,134,51.24322241965774,44.6029516169732,197.26702813761858
244,0.0,136,135,129,33.34409477182999,78.95857412780265,189.95595031104494
245,0.0,112,116,135,53.61348978310707,88.01390012202592,182.66111277657274
246,0.0,123,136,129,34.796586670224315,76.77800733911022,194.8331876359381
247,0.0,137,136,132,32.31853337438224,86.37275620780952,195.17977630530186
248,0.0,18,137,132,52.094945560511405,92.50686946276073,197.22160290344118
249,0.0,135,137,112,45.89923387517774,89.06243625145248,187.34436557854679
250,0.0,138,68,349,49.5,41.1666666666667,161.9999999999999
251,0.0,133,67,138,46.94392874889536,41.9253065800397,173.57668028563074
252,0.0,53,54,142,52.5,138.91666666666652,166.0000000000001
253,0.0,142,145,69,36.630371559793275,143.75000000000114,175.58177090435163
254,0.0,206,204,214,32.80726228514868,56.90942831349443,143.37080740313542
255,0.0,248,247,250,37.12632027115603,11.565001223080728,141.12385656805006
256,0.0,491,117,419,41.42953433640105,119.3453086531199,194.19520906343269
257,0.0,257,258,256,47.20402899753253,19.195483358860145,176.15529340693638
258,0.0,252,52,251,55.984203831761306,2.985824204360604,156.31089154494248
259,0.0,115,112,492,29.452218278755026,98.03772572139417,182.1646434647555
260,0.0,417,143,147,45.10603160611936,146.22390239538072,193.79436036195102
261,0.0,54,73,418,50.37153787934403,131.6883597117203,177.7256891428351
262,0.0,492,493,490,26.941510090220618,102.53964634827292,189.3230681530212
263,0.0,186,193,183,51.48991230828915,63.30249916157443,94.76823507321353
264,0.0,151,143,150,43.84516219571378,156.50090386417435,197.6615913495612
265,0.0,308,166,8,48.0,108.91666666666652,161.9999999999999
266,0.0,149,152,155,62.4759099208859,162.99961245575605,184.4385730551985
267,0.0,143,151,147,40.26199797658592,151.88870555092922,194.2749279832592
268,0.0,157,155,411,32.32488142830516,171.48633812826665,180.54639161388536
269,0.0,152,303,148,32.99735129358851,170.8333333333312,196.48028252868176
270,0.0,152,151,150,50.94593417684155,162.7509038641756,194.1418738782486
271,0.0,147,151,149,32.073529308237994,153.429984673352,189.0734492556071
272,0.0,414,422,158,59.71435076074158,189.70987254207915,166.5012280547149
273,0.0,152,473,411,48.114363700975446,175.2643001203337,189.89422705229708
274,0.0,71,70,154,52.5,155.91666666666663,165.9999999999999
275,0.0,418,417,145,41.86941921471407,137.7327937536786,183.86211319927133
276,0.0,70,149,154,62.98059169955923,156.12461245575514,174.79852127234653
277,0.0,10,154,155,41.47197146094004,165.625,173.1597692541659
278,0.0,149,155,154,62.896013289804614,160.4996124557565,177.9582905265138
279,0.0,304,474,475,38.903958310198504,189.20374124520822,187.39336029730612
280,0.0,54,53,159,51.0,134.16666666666663,161.9999999999999
281,0.0,411,155,152,42.00688643005196,170.05596678699976,184.6423993311937
282,0.0,9,10,305,38.69695754344502,172.14983097463795,164.00000000000205
283,0.0,153,309,117,59.42088914828673,131.24999999999977,196.83088591209116
284,0.0,476,141,146,49.33422368422907,114.58566966540957,177.22416128896725
285,0.0,72,160,159,51.0,125.58333333333326,162.0
286,0.0,162,159,53,29.472549511334364,133.74999999999875,155.68842748930552
287,0.0,141,73,160,44.94209487196531,123.33333333333371,173.42415960929316
288,0.0,53,163,162,48.293039356329245,139.24999999999972,152.4642440809909
289,0.0,39,31,169,39.49067327646753,108.29088943970623,137.7443800299102
290,0.0,163,53,302,38.690200899793126,143.33333333333326,154.7758165916839
291,0.0,162,161,164,42.58985286263669,130.25907320791316,146.99856366618087
292,0.0,314,315,313,40.876279625439565,161.2072906389319,152.64996122474076
293,0.0,161,311,168,60.184634858957,138.1019648422821,136.38374952862614
294,0.0,164,161,167,41.9705171433925,127.61208389967146,142.64355791053663
295,0.0,166,300,8,32.0,107.66666666666674,155.33333333333348
296,0.0,165,167,170,29.05592019417236,126.04889887789909,132.89326230053848
297,0.0,173,172,165,41.95452615430713,118.29817341915589,125.72979152317578
298,0.0,300,166,307,43.951899548198526,111.84472341648575,153.18206512080292
299,0.0,307,72,164,26.412917956482488,120.60379662439937,152.18158634286374
300,0.0,170,161,168,47.23175931613514,133.6082879970927,134.3008590111599
301,0.0,169,167,165,46.35074253940729,121.03568411498895,134.83995973914148
302,0.0,163,311,161,58.41785373062885,141.04778104780553,142.9670046552709
303,0.0,314,9,315,29.5225376155322,165.99999999999773,155.53978853203625
304,0.0,172,169,165,38.44952970171016,116.95425384855184,131.64907392843338
305,0.0,300,174,31,46.21028416816989,108.85085701401408,145.4289055045408
306,0.0,161,170,167,36.35167824392738,129.8237815610454,137.4417192797888
307,0.0,170,168,425,27.458102772675375,134.44221790074926,127.10922591909139
308,0.0,327,331,425,45.13331175987696,141.85487656427125,122.07938012640221
309,0.0,79,344,175,40.496674998034905,117.49266834869725,111.29268164608114
310,0.0,171,173,165,51.71311502620847,123.55078301849608,122.63094943171814
311,0.0,39,172,24,34.25896510388793,107.85491375865695,129.4758692562907
312,0.0,175,173,171,31.316974584264244,124.04735929599727,117.3013700575788
313,0.0,344,79,265,40.19852555575926,111.18764142100568,109.02676971132013
314,0.0,31,174,169,38.82274071984557,112.14174645371986,141.17328553445032
315,0.0,167,174,164,33.68814169956386,121.87960758035433,143.0951817936002
316,0.0,426,175,171,30.088018049797938,129.35116460512495,115.45250242670136
317,0.0,175,57,266,32.00849980723433,124.5954068924716,107.01163797265235
318,0.0,177,176,33,40.75587256075369,89.7930853519913,88.1799961492606
319,0.0,176,74,261,33.333515867317146,82.7484344625575,96.07905937122541
320,0.0,178,177,40,28.167447251792964,89.42328875915564,80.59666281592703
321,0.0,179,346,273,46.30868465474532,83.2058907798149,61.666206864177184
322,0.0,178,179,347,31.60455569294345,85.76363665387542,71.82906823935596
323,0.0,43,35,346,28.000797969840278,92.66660016917976,61.00019949245993
324,0.0,346,179,43,28.019880892358742,89.99781191142142,63.6668661591267
325,0.0,271,270,46,44.279074065746954,67.0,45.689922838812265
326,0.0,360,362,351,48.144779632574796,27.009391694021236,56.16111805776489
327,0.0,177,180,181,51.61376868156549,78.18469729161541,81.38625849897073
328,0.0,184,187,182,38.67028084235517,61.51239275507328,77.83001018203879
329,0.0,74,181,183,52.82176845420736,74.98194780806728,91.29726706539509
330,0.0,182,189,191,32.41889295482406,52.45816391625476,77.8933528651371
331,0.0,237,231,235,47.038788322295886,33.072198848218534,132.98338830751993
332,0.0,186,181,184,47.48127626102951,67.74883124487167,84.7982605587838
333,0.0,183,181,186,55.31742482084155,68.69420476098115,89.77327432408919
334,0.0,513,187,184,43.6471739374756,65.6793245031601,73.44538819353215
335,0.0,184,182,186,41.16440453605992,61.68552157023487,83.29367058809032
336,0.0,273,84,272,41.987620170383934,77.54141220172642,54.566991129932944
337,0.0,368,462,463,42.39085439314522,51.78038462596453,57.32288388449149
338,0.0,191,192,182,51.552096964213206,51.66146805638962,84.42570638766307
339,0.0,186,192,193,60.75857356549295,56.88455670327795,93.82459865510737
340,0.0,513,184,180,44.85141251289588,70.09715252826554,74.25782105732542
341,0.0,185,462,189,46.320211282542914,55.12096685634282,66.24314996145301
342,0.0,368,463,465,30.17804698055602,51.51008153351239,52.7550738882037
343,0.0,236,238,244,40.37432093093162,20.994048358399255,117.7688590832297
344,0.0,185,189,187,41.52724467059852,58.27622421927532,69.52720448797777
345,0.0,350,191,189,37.18381951762194,47.102453143558535,76.30446784814535
346,0.0,365,233,229,52.105628876216315,26.69190267091473,70.48479964564162
347,0.0,211,207,225,50.987332890249945,45.88947563528265,131.85170241045032
348,0.0,350,189,188,37.7754651734524,45.929183208683924,72.3625316842373
349,0.0,191,190,192,49.3144591301932,46.32969523820333,85.66242183992665
350,0.0,220,212,218,40.56948806160926,55.6544878047747,111.46433843641807
351,0.0,201,206,51,55.74229583319811,62.39562326964358,150.77359941584155
352,0.0,219,217,218,35.10740547548812,48.571629391014255,106.05509459065843
353,0.0,201,204,206,43.64633608861914,61.588945000417766,144.4348727009285
354,0.0,76,194,28,52.85246620919861,89.57923423495401,113.00000000000006
355,0.0,195,194,75,40.75587256075414,85.03551477263849,122.65333718407177
356,0.0,200,199,195,48.336275481627126,78.4438095146179,130.2744833504953
357,0.0,198,30,197,32.0,92.33333333333348,138.0
358,0.0,200,75,202,42.815427512956376,75.22885592794091,120.79001170169488
359,0.0,196,209,204,33.14048624444786,61.410353257427914,133.9212863746568
360,0.0,30,198,114,40.0,88.33333333333348,142.0
361,0.0,30,39,197,40.0,98.33333333333337,136.66666666666674
362,0.0,197,195,198,40.08892424585156,89.01183825754572,133.65333718407146
363,0.0,75,200,195,46.77330813452045,79.89732428341887,124.91539228272336
364,0.0,203,199,196,26.752954340465294,70.68273957153738,135.26015189751988
365,0.0,114,198,199,47.37847777121715,82.12224798517957,139.85909106776967
366,0.0,75,262,202,33.79193762965269,76.64389060351357,115.94889723181677
367,0.0,196,199,200,43.12003993663984,72.13577483526603,131.2435804612926
368,0.0,203,204,201,30.19707234796533,65.74159418603597,140.8510912495899
369,0.0,114,205,110,50.901705043353104,79.0345785593961,149.41264681458688
370,0.0,56,348,212,35.36633409234264,66.58841801428525,106.37333180919109
371,0.0,200,202,210,48.18237459483271,69.26281736494661,121.74926479622093
372,0.0,204,203,196,30.197072347965786,65.42047998379871,136.3956674481692
373,0.0,205,203,201,26.448526507369934,70.58285101465776,142.6024647790896
374,0.0,210,209,196,39.104330727749584,62.16008905097408,128.385932850763
375,0.0,214,215,206,35.81949759254985,52.307948799130244,146.64120562301878
376,0.0,205,208,110,55.048238224962006,75.03457855939638,153.41264681458728
377,0.0,199,205,114,35.30620676927356,78.15682654457585,141.93840454902386
378,0.0,211,214,209,48.64155100351354,51.93720253640811,137.55655504017136
379,0.0,213,51,206,36.765201170543605,58.28737215587881,155.02907465288604
380,0.0,219,218,193,39.786196222980834,53.13800131775213,102.82247571577727
381,0.0,215,457,68,31.40442108298248,44.38757589420135,152.58692110572736
382,0.0,299,110,208,48.0,74.58333333333329,162.0
383,0.0,51,208,201,51.06570284451482,67.02491778043179,153.74452476295687
384,0.0,196,200,210,46.252794220577925,67.62325104107359,126.843742488049
385,0.0,209,207,211,62.53373321154777,51.16849030371645,132.08270702950676
386,0.0,212,202,56,49.22736716024656,68.26494547322716,111.24605068366884
387,0.0,207,209,210,43.058336488235,57.03297433359569,126.30344334372398
388,0.0,207,220,222,45.87279261367621,47.869423939369,120.70329421148949
389,0.0,349,68,457,29.01628619062194,41.545733677791304,155.65524960075766
390,0.0,212,193,218,38.28649163010141,58.04216278041042,106.04279484751021
391,0.0,210,202,212,51.023828846045035,65.22314090979418,116.53863711153002
392,0.0,215,213,206,46.40897141087726,52.87921437228886,151.9607461578555
393,0.0,67,213,68,49.5,49.58333333333333,162.00000000000006
394,0.0,209,214,204,35.09108513689034,57.05195077274101,137.31264487828133
395,0.0,215,214,211,33.62143985884404,48.34915013769316,143.51731441711053
396,0.0,211,216,457,43.305420795241844,39.85661190304086,145.63228278236215
397,0.0,215,68,213,37.97056512599693,49.34184221641016,154.93167150496993
398,0.0,207,222,225,46.63060511985759,44.57621101053854,125.31188141582265
399,0.0,12,216,249,56.20733647694419,29.924900766083695,149.77259716710546
400,0.0,223,219,221,41.89727654151102,41.6976449528577,99.45002538574852
401,0.0,232,234,226,48.78147140327883,26.551668585964535,100.44391757244637
402,0.0,219,193,192,48.677296509407824,51.96242235046404,97.84636634530744
403,0.0,220,218,217,36.103047566329224,50.066503579121786,111.18863994640566
404,0.0,190,221,192,45.456898446135256,43.778366211479096,90.23613831401616
405,0.0,219,192,221,38.430561110468716,45.89919394115293,95.78697181473262
406,0.0,222,220,217,45.872792613676665,45.974797669637724,115.4390783476033
407,0.0,220,207,210,54.43094264522506,55.047172593992116,121.46385152033372
408,0.0,221,228,226,41.34394165799199,34.533086999477064,92.37229507619577
409,0.0,223,512,217,39.67597693854373,39.46634697700071,108.59393621634081
410,0.0,219,223,217,40.184341896199385,43.19450143543128,104.74203879120608
411,0.0,216,211,237,39.195229323628155,38.9475466346139,141.0820564757803
412,0.0,226,223,221,43.4597145163666,36.23339620381432,97.76734880297681
413,0.0,232,226,224,35.26814639276972,25.500212125378596,94.03816707369157
414,0.0,190,229,228,56.108294691148785,35.16989631283519,81.79454850024342
415,0.0,371,375,384,35.96595031052442,11.492284611676581,80.22706033532177
416,0.0,225,222,231,41.874845019724035,38.74616360493866,125.26851048603885
417,0.0,211,225,237,34.10225524826956,41.366121850497336,135.7501142501278
418,0.0,228,221,190,40.087722622397905,37.87650801884675,88.5041381582513
419,0.0,224,367,232,38.642405857703466,19.777688481300274,93.64927367205405
420,0.0,231,512,236,44.16914940060951,32.40671122373901,118.50810493782654
421,0.0,227,244,245,30.134058280933914,17.628357735236023,125.18368940468372
422,0.0,229,190,350,34.798453850784426,37.94477169680482,78.00907495424917
423,0.0,224,226,228,36.77007548266624,28.88419605243851,90.66447448104748
424,0.0,229,366,365,35.00864814894635,32.87204934384756,68.11409662357708
425,0.0,350,366,229,42.149752789076274,36.77198639806511,71.4830680993204
426,0.0,242,240,239,48.72059570593615,6.238967107562139,114.3561682775603
427,0.0,234,223,226,55.44679257482221,31.635961717361766,102.46527870658338
428,0.0,512,234,236,40.25436154065278,30.247841390581186,112.69317650187293
429,0.0,231,227,235,50.750227328390565,28.53648738526377,129.17133011400927
430,0.0,370,233,371,47.60954254569094,20.6819018478471,78.10576946743464
431,0.0,232,230,234,46.659799754288656,21.67466160355994,102.94076024010764
432,0.0,365,362,233,48.88572791335275,23.219845169946353,66.00483102692283
433,0.0,241,367,469,31.943923909748776,8.966852486149131,96.80920094898389
434,0.0,234,238,236,46.16494161364767,24.216156244085482,113.20702225369149
435,0.0,231,236,227,39.774872633026234,28.286603941165595,122.95139766446346
436,0.0,246,227,245,36.705164276793084,18.27545181463529,129.00290974590064
437,0.0,235,247,249,44.05969287175071,23.715842417367185,140.821456649894
438,0.0,512,231,222,44.91585630412783,36.816347887231444,119.37827535109471
439,0.0,238,234,230,52.92676166962269,20.218446993846555,108.52377124839389
440,0.0,231,237,225,40.76628595272496,37.36752314460671,131.00817132786767
441,0.0,216,237,235,38.71660133479668,33.47452879047563,139.89199751743035
442,0.0,241,239,240,38.893921666358096,5.732893280818566,108.14339231124677
443,0.0,242,238,240,44.62788632374907,12.178346190049695,114.88635307007405
444,0.0,241,240,230,31.912610994511965,11.09085623678449,105.12200001169651
445,0.0,230,240,238,42.36934906739674,14.36415564522386,109.18585548637765
446,0.0,242,239,144,59.47787813984496,3.1721535007917225,119.34577195081295
447,0.0,230,232,367,34.18954080624053,17.266002942459068,98.51865311582893
448,0.0,239,241,19,49.98899388840272,2.666079674048145,104.79966265116605
449,0.0,246,250,247,36.16051986932075,15.074718491204493,136.97887196315185
450,0.0,236,244,227,36.456479926854286,22.90562622232173,121.6983060580485
451,0.0,52,248,243,53.1820102684203,2.8363738809824177,144.37435386441803
452,0.0,235,246,247,42.262947352971196,21.61933753119763,136.8500784769344
453,0.0,238,242,244,29.38743019318963,14.810529652986112,118.78610566162843
454,0.0,245,244,242,26.44276712881151,12.949554289617701,123.40316292149754
455,0.0,144,245,242,41.29835182864804,7.250557219910853,124.49301400319564
456,0.0,144,243,250,57.392561443309546,3.0609366103098488,133.0105846415106
457,0.0,245,250,246,37.22627809707262,13.485431478535077,132.55386262007846
458,0.0,235,227,246,42.41160987816511,23.802603745819056,131.73745884881077
459,0.0,253,352,139,33.64689323120376,3.589001944661746,170.83333333333303
460,0.0,247,140,249,33.96051863308571,19.86343142115237,145.27145561805742
461,0.0,144,250,245,57.040066202784715,7.139340329428947,129.82449336055993
462,0.0,247,248,140,35.723882630853836,14.25720926685895,145.44506204999743
463,0.0,12,249,140,62.29465101857522,24.19574068936396,150.86587088926854
464,0.0,235,249,216,42.78150456501726,29.530456416386542,142.48772165573178
465,0.0,243,248,250,41.41572674612462,5.8973104912922665,139.8849385059284
466,0.0,252,251,253,60.655565717629315,6.5748261490223445,162.56089154494228
467,0.0,252,140,248,46.42566838392395,11.575342739431049,150.5170355328175
468,0.0,254,12,140,60.44516257995929,22.169209610611574,155.93563356307686
469,0.0,258,257,259,51.21672397197062,21.43230870230212,182.8388630385213
470,0.0,255,11,12,26.006643820477393,28.555186454417935,164.0
471,0.0,252,253,254,59.86762802822227,12.990891105545828,161.83140165122904
472,0.0,254,256,255,26.683396444323762,21.259266685946557,164.23942134156755
473,0.0,12,254,255,27.245819917720155,24.971251410941306,160.7705101062861
474,0.0,256,254,253,32.70766007049724,16.293082176190325,165.82275467490035
475,0.0,253,353,256,34.36873357628326,12.727622720138896,171.4966179471412
476,0.0,11,255,256,29.9549034396764,24.843201729423185,167.4689112352812
477,0.0,253,139,353,39.28478562251837,6.439607445133703,173.69437337852685
478,0.0,354,488,353,50.26925951393616,5.7769744605511235,184.55080603166516
479,0.0,257,487,259,41.47036440410511,19.355560234263635,187.79595119407804
480,0.0,138,260,133,41.67377755088137,36.61695362223669,176.30844059137235
481,0.0,301,122,130,61.50108934500622,33.02040245282513,196.71994190159958
482,0.0,259,301,260,61.481077691507835,31.23689011346937,185.6041830742074
483,0.0,11,258,260,33.07317545217484,28.291101034917965,175.1074141254953
484,0.0,259,260,258,45.67297903492545,26.815941653364888,181.25989499236127
485,0.0,262,261,56,32.73310791755239,76.1010446493502,106.49999999999994
486,0.0,183,261,74,41.98418889007871,76.06656563830279,96.66151047001404
487,0.0,202,262,56,33.79193762965133,73.71965660395404,111.61556389848488
488,0.0,194,262,75,33.33351586731624,82.7484344625583,116.9209406287755
489,0.0,263,32,264,52.85246620919861,110.42076576504587,87.0
490,0.0,401,297,400,34.509981809884266,116.26252518918761,71.05836155123689
491,0.0,79,264,23,52.85246620919952,110.4207657650453,99.99999999999943
492,0.0,264,78,355,33.333515867317146,117.25156553744182,90.92094062877436
493,0.0,79,23,265,34.46962538003754,108.53534619282391,104.33333333333303
494,0.0,23,37,265,32.5,101.66666666666674,104.33333333333348
495,0.0,266,57,267,55.33121053582272,127.86004896236045,100.41239270455844
496,0.0,264,266,78,33.333515867318056,117.25156553744114,96.07905937122462
497,0.0,311,327,168,47.9341590500826,142.67216506781597,131.4638705416134
498,0.0,478,326,479,28.30476743971576,151.46102137701928,109.614463728901
499,0.0,268,356,357,34.96612370593982,20.770639078553984,33.074883759779
500,0.0,459,361,44,26.878114864060223,1.433499459416546,43.750000000000014
501,0.0,83,59,269,52.5,78.41666666666663,34.0
502,0.0,59,91,269,44.149610391785245,76.66666666666669,26.636220160625896
503,0.0,45,270,269,52.5,69.91666666666669,34.0
504,0.0,465,60,517,29.984794216012574,46.46379503241474,46.58324054384505
505,0.0,273,185,513,42.05893299965214,68.3017093815235,63.566674522970914
506,0.0,270,272,83,30.811805098592913,74.99999999999994,44.56765042488274
507,0.0,273,272,271,40.54772002375262,72.20807886839319,54.256913968745266
508,0.0,84,83,272,39.40590254929657,78.99999999999994,48.56765042488267
509,0.0,185,273,271,59.32658884032662,67.55794719084412,58.76432668770957
510,0.0,513,347,273,60.81883733806808,75.30614880243093,66.57067961847991
511,0.0,386,389,274,33.866823951354206,87.35389478037177,5.118535001907588
512,0.0,386,385,389,33.86682395135426,87.64414308131316,10.212205642356587
513,0.0,397,378,395,36.56138892564314,48.44246892856437,19.60234592285274
514,0.0,391,393,91,36.902653648808325,67.45218692638784,18.981399070151056
515,0.0,292,47,286,53.703323189201456,197.13582276324234,42.160865992321334
516,0.0,276,288,287,42.884130021270266,183.5858378132598,30.59993349110897
517,0.0,100,278,277,28.00315296078736,150.79531604240128,17.161051319579485
518,0.0,98,280,279,61.188784968355776,157.55644539131345,3.2634018649789738
519,0.0,283,102,285,26.254533398048693,171.70175977911367,4.796367153353245
520,0.0,281,280,278,50.55734102323004,159.76197731349245,15.821018258849165
521,0.0,278,63,103,53.49238020535472,155.93044509332458,25.92439007959203
522,0.0,277,280,98,56.387859008419014,153.46298300705735,7.030470858037539
523,0.0,280,283,285,37.1074949013024,166.75820517042894,8.059769018332219
524,0.0,284,287,282,40.83768445714668,178.76639603445642,22.60863022402617
525,0.0,63,278,100,32.59650021647076,151.55544509332458,23.393982326520813
526,0.0,5,281,103,44.18890462509944,165.44175349552103,26.633226314278147
527,0.0,284,283,281,49.32121914418531,170.3457696339284,17.336577419434498
528,0.0,282,288,295,43.681263901312605,188.62288946152816,20.92036102755502
529,0.0,287,284,5,33.50339500689256,174.33489264554214,26.85294322386696
530,0.0,283,284,282,54.217666836215244,176.418852860656,16.459038105315543
531,0.0,102,279,285,23.63812140657518,168.75,1.2606998083506795
532,0.0,280,285,279,35.00179364244252,163.80644539131345,4.524101673329639
533,0.0,288,292,291,33.40231833415692,191.99668829895813,32.32554001971701
534,0.0,102,283,290,44.60059720740753,175.68483046436108,6.165008356533491
535,0.0,6,287,5,50.38745315249071,172.79930295291615,33.68525946371324
536,0.0,292,286,291,30.234254808860896,195.61480211038952,35.91086599232119
537,0.0,294,289,290,44.14680754591723,186.23983417726072,5.789244186182714
538,0.0,282,287,288,57.69121745735265,183.61269253040018,24.355620491268212
539,0.0,293,294,295,39.548012219358725,194.64959670939152,13.576569841318474
540,0.0,295,288,94,39.65023784206278,194.19138607261175,23.498007360729133
541,0.0,292,288,276,46.76548754684063,187.92235762358632,33.90887335305064
542,0.0,286,94,291,28.519137240984946,198.47897934714774,31.249999999999943
543,0.0,514,292,276,36.181614244627326,184.36414647403262,39.36261510027282
544,0.0,442,95,441,36.397538404051375,188.0696699417017,52.856687430086254
545,0.0,282,294,290,43.990683215418926,184.83800423284265,11.544931186341955
546,0.0,1,294,293,59.24818452472141,196.84009682534816,7.326569841318474
547,0.0,294,1,289,59.248184524721296,192.6734301586814,3.159903174651788
548,0.0,295,94,293,41.07187717418924,197.8094998840429,18.75
549,0.0,282,295,294,44.81616470235042,189.08110009830716,15.16559017481103
550,0.0,409,105,296,48.0,125.41666666666674,38.0
551,0.0,409,65,105,52.5,121.58333333333348,34.0
552,0.0,400,297,399,34.79229123199275,110.65394980331968,68.48516365942805
553,0.0,263,401,400,32.001728833272864,116.68676027090112,75.89169488457014
554,0.0,297,401,408,25.621337854442572,119.21890360193754,68.75395670346614
555,0.0,405,403,402,42.91854459824981,131.40850511009342,66.72607248986769
556,0.0,51,50,208,48.0,66.33333333333337,162.0
557,0.0,299,208,50,52.5,69.91666666666674,166.00000000000023
558,0.0,38,8,300,40.0,101.66666666666652,152.66666666666652
559,0.0,141,72,166,48.0,117.16666666666663,161.9999999999999
560,0.0,260,301,133,41.245425916749355,35.887356075061916,183.0283824929718
561,0.0,122,301,259,63.896252174311485,29.04524307127228,192.87242276846592
562,0.0,70,302,142,52.5,147.41666666666674,166.00000000000023
563,0.0,71,163,302,38.690200899793126,148.66666666666652,154.7758165916839
564,0.0,143,417,153,52.85580509529427,142.50276737529157,197.1810237282516
565,0.0,152,150,303,32.99735129358851,166.6666666666647,196.48028252868153
566,0.0,304,475,412,42.92980020380128,186.0967134953953,182.8378028035536
567,0.0,157,305,10,32.189387358355816,173.1635356492343,170.3842748113741
568,0.0,422,414,415,53.54164106932876,194.97635870552617,164.6061093900288
569,0.0,317,310,315,32.16999485060296,166.24608380579366,145.7117634385031
570,0.0,158,325,305,33.82540819870883,179.99410200437762,163.0046738598487
571,0.0,166,72,307,25.815218550373174,117.17805674981764,155.8487317874674
572,0.0,300,307,174,44.736899835383156,113.028913763834,148.61097062534373
573,0.0,8,21,308,52.5,104.58333333333337,166.00000000000023
574,0.0,21,146,308,45.51935551816496,105.83333333333348,173.46814137281262
575,0.0,309,153,417,38.35154595340282,136.25276737528816,194.01190964033867
576,0.0,419,309,73,56.750404303482355,125.76305487706327,186.84386614667847
577,0.0,315,9,316,42.3523410188991,170.9570072280635,152.70710661490193
578,0.0,316,317,315,37.26116793475012,171.20309103385853,147.79950445728764
579,0.0,163,312,311,44.19691418959337,147.29918593968046,142.34973212256955
580,0.0,310,324,312,48.476461415879385,157.19010477390293,138.7419171644309
581,0.0,313,163,71,42.52174647440188,151.87395730559797,151.88598928438523
582,0.0,317,322,310,31.148514579010225,166.3795855294079,140.8815974458198
583,0.0,310,312,313,35.80739532161351,156.70869553080593,144.5497588455578
584,0.0,163,313,312,38.128971341582655,151.37536219747108,146.24599837316055
585,0.0,313,71,314,34.677927687595,157.20729063893043,155.11017269269996
586,0.0,71,154,314,48.0,159.08333333333326,162.00000000000023
587,0.0,305,325,9,31.774071247642496,175.26058816782816,159.60955519516875
588,0.0,313,315,310,35.72088955337858,161.2072906389285,147.7295382888151
589,0.0,426,428,57,30.12356891970194,132.90736212509375,108.86846549571811
590,0.0,316,319,317,31.148514579010225,175.49745840599758,144.7217688098545
591,0.0,420,306,421,26.953259939782583,188.32338762384074,150.29276935094504
592,0.0,316,420,319,32.04453879560788,180.44800010024528,145.69147049005687
593,0.0,335,337,332,31.01421001637391,189.87474759598,121.46187454445402
594,0.0,320,323,329,40.717862707020686,172.11289561585772,127.41511827701379
595,0.0,55,328,423,24.54726769701847,198.69081238949366,143.75000000000045
596,0.0,323,322,317,41.47840954645835,170.8772104797099,137.13138719127346
597,0.0,329,323,334,33.91394229722937,177.400520794954,127.8475432646149
598,0.0,426,171,425,24.137896151294626,133.46340091442403,118.13890568801958
599,0.0,342,338,17,43.867659491903396,194.16279825228338,100.87460742855015
600,0.0,329,318,333,52.06726734854965,173.13681220163107,116.6233957341907
601,0.0,323,317,319,41.47840954645835,175.0380761282354,138.88381753652402
602,0.0,322,320,324,39.10210672285939,163.3013045449926,131.934437946495
603,0.0,420,423,424,50.04517068205496,190.56885421693732,141.84635484207593
604,0.0,320,322,323,37.93633786183091,169.44356294659406,131.96147374444877
605,0.0,330,324,320,42.813865654003166,160.62595758269,127.28872552084358
606,0.0,312,324,327,52.57461550863809,152.3436383327719,133.71974273482078
607,0.0,306,316,325,29.869222500612523,180.95375415010858,153.56500662776762
608,0.0,9,325,316,35.62890334322765,175.4010977545895,154.7768732780305
609,0.0,330,327,324,49.10320329379829,154.30038820221716,127.42364375975308
610,0.0,341,318,340,48.673817244694874,181.71643271051744,108.59273111666494
611,0.0,425,171,170,41.82658540031389,131.82889079760025,123.96035828555068
612,0.0,420,316,306,37.422553534988765,183.03962245695175,150.01755095518274
613,0.0,329,332,318,46.47513788918695,179.36536526034843,119.52641970784248
614,0.0,323,319,334,36.943193743743905,178.89205377422422,134.14632907730652
615,0.0,333,330,320,57.62140652587732,163.78885715622027,121.17160438561018
616,0.0,333,320,329,56.33256942427579,169.13353678777457,121.27096134381793
617,0.0,330,326,429,35.35507685250377,154.110247301571,118.48877055913727
618,0.0,327,429,331,34.71090300191463,146.28522518704744,121.6437072255394
619,0.0,57,428,267,49.8847022061118,132.53841680323876,102.05890216861235
620,0.0,335,332,334,28.67758358265928,186.60442065162124,125.61248694500318
621,0.0,337,335,321,34.409075989649864,194.79459508170453,122.37364069446153
622,0.0,341,340,338,46.79612419476143,186.1423769719209,106.06781233072955
623,0.0,330,333,483,41.4017309050123,161.83765468470665,115.16150218157782
624,0.0,319,420,424,46.18148826799552,184.8390758662481,141.0584077266808
625,0.0,329,334,332,36.49786164475336,180.6497150255882,124.606410305071
626,0.0,335,334,424,46.37172659868338,188.20568446474908,130.0585084145
627,0.0,338,337,336,41.66976121035259,194.61204434407483,111.78763031594616
628,0.0,338,336,17,51.71895097610832,197.2416559479425,106.25000000000068
629,0.0,321,336,337,49.30521757248425,197.3703883961324,118.03763031594542
630,0.0,332,337,340,34.29308634211702,187.78621151323296,116.84310907896088
631,0.0,343,339,342,63.103193639011806,191.84879499999306,90.77649102537407
632,0.0,332,340,318,39.28349101947242,183.23153480363408,115.91373088228272
633,0.0,440,437,99,49.87438055756684,193.89459680418133,74.64168949266028
634,0.0,450,453,447,41.29053079191726,162.23273401385723,62.02232699001877
635,0.0,337,338,340,30.670345225602432,189.9477149469006,111.50487522897083
636,0.0,338,342,341,51.60644847603544,187.72784867343807,100.97517484625557
637,0.0,430,341,433,39.08981808047611,175.1588913595483,100.92885984170539
638,0.0,318,341,430,47.90399407185578,177.27305298542728,106.68120436391928
639,0.0,343,99,437,57.628312541339255,196.92648999779476,80.80159959920292
640,0.0,341,342,339,51.60644847603271,185.41384542114747,95.04372510974645
641,0.0,24,344,29,51.719756949529256,107.65229522818072,117.69343637798602
642,0.0,342,17,343,57.728581793562626,196.92114230434345,94.62460742855069
643,0.0,175,344,173,31.886835805556984,118.59213116618184,115.6177792707324
644,0.0,40,32,345,32.5,101.66666666666674,82.66666666666674
645,0.0,32,263,345,34.46962538003754,108.53534619282414,82.66666666666629
646,0.0,273,346,84,35.93637184730051,81.87467903757351,57.66620686417724
647,0.0,42,346,35,28.000797969839823,92.66660016918036,55.66686615912687
648,0.0,273,347,179,53.37224790120763,81.22693168732567,66.07840894440596
649,0.0,177,347,180,48.120703506098835,80.56553158441021,77.08384410505279
650,0.0,183,193,348,27.399437425121505,64.6813218978059,99.11413220975146
651,0.0,212,348,193,35.36633409234173,62.18532377768855,104.24977519159057
652,0.0,12,349,457,29.016286190621486,36.04573367779142,155.655249600758
653,0.0,11,349,12,49.5,32.74999999999996,161.99999999999994
654,0.0,191,350,190,31.82724729899428,43.2027124295405,80.14494813816691
655,0.0,366,350,188,35.20449373926499,40.85665719592632,69.67700511933126
656,0.0,366,368,351,53.80217279072667,38.78825980610829,59.2734662025441
657,0.0,360,15,358,36.23574939373634,25.701051111711223,45.1437674504778
658,0.0,3,458,496,25.809531960969707,6.250000000000014,198.62349162874762
659,0.0,253,251,352,33.64689323120376,3.5890019446617316,166.66666666666697
660,0.0,256,353,257,59.541492163609064,14.279968199944776,176.22401296570968
661,0.0,267,355,78,55.848093843555034,124.93581496280012,90.92094062877402
662,0.0,353,139,354,53.44885313384941,2.850605500471964,179.94437337852696
663,0.0,401,355,77,37.452558457986925,123.8989553506496,79.99413852058319
664,0.0,357,356,4,34.96612370593988,25.175287750328806,31.074883759778984
665,0.0,358,356,268,28.410078694264655,20.77063907855398,38.376665577043404
666,0.0,497,499,467,37.005208103155255,15.901982186309365,8.214301801555461
667,0.0,466,363,377,35.24270132321578,10.612553140729233,22.43742045519031
668,0.0,359,358,268,32.27340024831315,16.478878898319593,40.85005147302026
669,0.0,358,82,360,33.09836206368658,21.45419576579925,47.9786439936876
670,0.0,361,459,460,25.979778255058562,4.030984425036465,39.33090418688721
671,0.0,359,459,380,31.003887276488413,8.255509783742685,46.30490044857649
672,0.0,362,360,82,45.29515634442993,21.870519641146878,53.72946899174121
673,0.0,516,15,360,33.47935923349951,30.335737991828594,47.32585823376678
674,0.0,44,374,382,49.08912836548927,2.618086846159425,57.86298739271598
675,0.0,460,268,363,39.660992848748606,11.597105137233477,33.48857335166963
676,0.0,370,224,228,32.575895284571175,27.53084117464448,85.61790489320424
677,0.0,268,357,363,45.331459800352945,15.923166531131537,30.315886257894753
678,0.0,492,490,146,26.018861301939978,105.9543923880592,185.35860998644603
679,0.0,351,362,365,37.604975545142906,27.886402890841055,61.31305235417648
680,0.0,372,357,4,31.283730796781583,26.008488055933647,26.53999249022108
681,0.0,371,224,370,38.529304693340464,22.32609135658649,83.75669344212997
682,0.0,366,188,368,52.36521251731983,42.792841632841174,62.80833680713704
683,0.0,351,365,366,30.992146005076734,32.95213831497579,62.7731630389947
684,0.0,362,82,379,27.893047178594998,18.11177986159872,56.17977667826699
685,0.0,375,371,233,41.000692084477066,15.008023210402172,76.21751360513196
686,0.0,188,462,368,42.15835997855129,47.6802028359744,62.115694540005734
687,0.0,185,463,462,41.08600369763781,56.63961550827008,59.97860769494369
688,0.0,362,379,381,27.37057566642943,17.228258507579113,61.124287059899075
689,0.0,370,229,233,53.681226876120604,25.91900178247827,75.50095892074134
690,0.0,229,370,228,38.45482349037627,30.47312041567139,80.61613583034486
691,0.0,19,469,383,33.531122208915264,1.7883265178088141,93.75000000000006
692,0.0,377,467,466,44.147288747027474,10.317684819384255,16.305818479117978
693,0.0,367,224,371,56.696311212728006,17.956922590302213,88.4143696283356
694,0.0,393,395,93,34.865509738862784,57.205421132292145,24.722014325295532
695,0.0,468,378,470,30.53845347308902,39.5627760945419,18.76142451800682
696,0.0,470,373,468,34.27884057331494,35.04879704891526,16.33599117638613
697,0.0,375,374,369,60.14505793371677,3.2077364231315606,70.88027291597626
698,0.0,375,381,382,43.699093735706924,10.69544656935947,67.18931390020096
699,0.0,375,233,381,36.23120397488765,14.302818709267818,70.78463078946515
700,0.0,369,383,384,50.807257262665246,2.7097203873421485,82.13451767883652
701,0.0,377,363,357,35.1014034280217,15.387333261429905,25.26230421496931
702,0.0,372,373,497,42.400955518288214,25.48854431505496,16.127981396237193
703,0.0,377,357,372,34.20505023133407,21.068006114457148,23.48641044729562
704,0.0,378,61,395,40.68232310046852,47.96895210149749,24.66589852622478
705,0.0,471,396,472,41.65730399954454,39.143443149128906,4.96688380388769
706,0.0,380,379,82,29.630950531894314,13.633938740482762,53.30046732243619
707,0.0,382,380,44,40.754348688141164,5.480115959909125,54.277835278649036
708,0.0,359,380,82,34.05809315122187,12.5751549784142,48.556443658453105
709,0.0,380,382,379,32.391864875786325,10.498880932554144,56.828578171942326
710,0.0,381,379,382,26.908333318708344,12.506475118872906,61.35978387751811
711,0.0,362,381,233,34.29973774441339,18.434952521001833,65.8651817819192
712,0.0,369,384,375,42.268007907468814,5.9174568104737055,78.01479059481267
713,0.0,375,382,374,56.43149805631347,5.825823269290991,66.2432603086923
714,0.0,367,371,384,52.86680722831761,12.796994482837174,86.77299238382997
715,0.0,384,383,469,35.05106084338709,4.498046905150963,88.38451767883652
716,0.0,88,386,274,49.55975329897427,81.78755035650732,2.6431868426119607
717,0.0,389,385,85,28.02332445278296,91.8982593914726,12.56901879974464
718,0.0,505,506,87,40.25183503367259,109.18821998146461,14.177518795336994
719,0.0,386,88,388,44.06341794293007,77.18889930547172,5.943621442795582
720,0.0,387,385,386,32.121340687273914,84.02350476178401,13.366684063644925
721,0.0,387,91,59,48.968174288873456,79.02903943766876,22.26604674120989
722,0.0,390,388,88,61.88314875344287,70.40134894896454,3.300434600183621
723,0.0,388,390,392,46.90744596392503,66.12980116295383,5.998849845156654
724,0.0,16,274,389,46.41277798679306,93.06634442386445,2.4753481592956312
725,0.0,393,391,275,31.540771161943894,62.118969726679325,17.30345417604609
726,0.0,392,391,388,35.49391233357858,67.47051905854708,10.978205328608148
727,0.0,91,388,391,36.05161081282404,71.32540017789091,14.916010244260988
728,0.0,394,390,89,46.65553796483741,55.44081547258358,2.4882953581246596
729,0.0,275,391,392,29.874814527345904,62.152619576540644,12.636045994945441
730,0.0,275,397,395,31.905972193912532,53.317585062189124,17.250913562370712
731,0.0,91,393,45,49.28468649647459,66.94480236412807,24.002043586699557
732,0.0,397,394,471,31.84439468671289,49.38941452184352,9.775953446463078
733,0.0,61,93,395,34.699994447712356,52.34395210149762,27.35619089922193
734,0.0,275,394,397,32.585528585031,53.49778176660858,12.383018021273493
735,0.0,45,393,93,34.573567532783045,61.11146903079461,27.36582342607369
736,0.0,472,364,498,30.645435518587277,28.635395571221146,5.150645272431722
737,0.0,468,92,378,35.238999701744035,39.00581028464972,24.15833603634017
738,0.0,471,394,89,30.556071555033526,49.74923102810993,4.839506049835158
739,0.0,372,468,373,28.381937814226205,30.660106268772097,19.19801142516158
740,0.0,107,398,108,41.06666666666706,111.35555555555533,54.39999999999989
741,0.0,399,398,34,28.266666666666424,107.35555555555584,61.06666666666695
742,0.0,398,399,297,31.73333333333312,110.46666666666658,63.73333333333346
743,0.0,34,43,399,40.0,101.66666666666674,63.33333333333337
744,0.0,345,400,27,24.79267724903002,107.54283869220785,75.98516365942783
745,0.0,263,355,401,37.452558457986925,119.75249696456149,79.99413852058353
746,0.0,403,401,77,34.1485978557057,126.75890785245156,75.43724336832224
747,0.0,403,405,408,35.89933793062846,126.29405699602981,66.84386023117068
748,0.0,77,267,515,39.87358513971412,132.59581713667262,86.25127002128812
749,0.0,452,454,448,45.848073896282585,145.4075079689735,49.079774360454394
750,0.0,77,515,406,46.625630793208984,134.15469685125458,79.86200948262137
751,0.0,455,456,402,32.27342078629226,137.83709740916083,61.121900564545285
752,0.0,482,427,481,37.42481582659184,145.16268803266223,97.61460186465894
753,0.0,434,436,438,53.26632956346384,174.93723629073293,81.92735294372596
754,0.0,410,405,298,38.20757647369419,126.05964533673512,54.099055942999485
755,0.0,108,398,408,42.631508624937396,116.85477266051339,59.91409214499072
756,0.0,77,406,403,36.19112531097835,132.27888117874727,75.64145160451471
757,0.0,406,404,484,31.896453850669786,143.8767676764851,76.52311882919435
758,0.0,447,449,486,46.47639913525836,160.31936176717045,76.48307269068619
759,0.0,103,64,446,49.5,158.83333333333326,37.99999999999994
760,0.0,403,408,401,31.05714348710535,124.57632037849942,70.78466884664817
761,0.0,108,408,405,44.819933348498125,121.8255291083596,60.8131480879901
762,0.0,101,49,62,32.221662969227964,135.00000000000048,25.09003230945106
763,0.0,296,49,409,52.5,130.08333333333348,34.0
764,0.0,106,410,105,28.26666666666688,118.73333333333295,44.355555555555384
765,0.0,405,410,108,45.14734518056139,122.0596453367346,54.98794483188817
766,0.0,412,411,304,35.94480767569803,180.67070965907578,183.66051975892333
767,0.0,473,152,148,47.888629650438816,175.0000000000009,194.89187950395353
768,0.0,474,304,473,35.80309736945492,185.5967706218753,191.62532667958658
769,0.0,158,157,412,48.69712017184793,179.93698608739123,174.52063130835904
770,0.0,473,416,474,35.80309736945128,186.88012865937253,195.70839230130878
771,0.0,474,2,413,50.685087636782555,197.2967953260404,193.13012865937344
772,0.0,421,422,55,28.446147434919112,195.4161701533585,152.8121319271504
773,0.0,412,414,158,40.247661957266246,186.0575756932417,173.20620377182013
774,0.0,417,147,69,44.74393405931551,145.59890239538026,186.9965713288202
775,0.0,414,156,415,53.73198224148837,197.1342942804522,170.23651394150465
776,0.0,156,414,475,39.50471826814828,194.4912649037824,176.91614453448983
777,0.0,417,418,309,34.57649783100533,135.02446042034512,188.3134391738845
778,0.0,73,309,418,32.07795667688879,130.43835971171825,184.55657505492354
779,0.0,73,476,419,38.28676197720779,121.18205787580655,183.7690001507426
780,0.0,491,490,477,25.785802779502774,110.6655871093883,194.61953997590535
781,0.0,423,421,55,23.38611211913667,196.2649181177767,148.02586981195782
782,0.0,321,335,328,48.29612464553429,197.42420668557043,129.33601037851577
783,0.0,422,421,306,25.21642203633928,190.96882654886872,154.26693194354584
784,0.0,424,423,328,34.8374748827373,195.37222871689346,138.95092198615407
785,0.0,158,422,306,52.063490533300865,188.12823465713655,160.2195141296047
786,0.0,55,422,415,40.46129202989869,197.84206442507275,156.8695954485229
787,0.0,420,421,423,30.39414872314228,191.46154361781646,146.7546360012111
788,0.0,335,424,328,52.3642039736751,194.10562301297477,132.8702656980048
789,0.0,424,334,319,58.879483497699766,183.742511817984,135.3512175872561
790,0.0,327,425,168,37.36440830706488,140.29164725699434,126.0356126289139
791,0.0,426,425,331,24.137896151295536,137.63995732484034,117.33154081904252
792,0.0,478,428,331,45.33329451813006,141.52457052442014,111.0887242240276
793,0.0,175,426,57,38.35327608114676,128.92544582604364,111.24214192853765
794,0.0,429,478,331,32.70138594522268,146.0852391574415,115.71313101729919
795,0.0,432,483,430,42.47128621029515,164.67913804675493,106.10214252398805
796,0.0,331,428,426,28.72570077921955,137.5096373145983,112.2714611249097
797,0.0,267,428,427,49.104643534903516,137.55951843414618,100.97058505805387
798,0.0,330,429,327,38.09635404663641,151.79263351328655,123.47128837672699
799,0.0,478,429,326,32.70138594522359,150.27230673617646,114.55168687165224
800,0.0,433,341,434,42.32087555938688,176.18259370365195,95.05594139920049
801,0.0,326,330,483,34.57164011570603,157.79053590963576,115.05117712211518
802,0.0,433,434,431,36.19342548655095,171.52799803690368,91.25378475789773
803,0.0,427,479,481,29.19692927565393,148.48370412235454,102.36533122319088
804,0.0,433,432,430,54.695109467825205,168.5194543062437,101.71233459617747
805,0.0,494,486,480,51.72460049160054,158.8623827331039,89.42433107372611
806,0.0,434,341,339,53.83581682969725,180.40869633864406,92.35191739897147
807,0.0,433,431,494,38.13837164015513,166.50300039418335,93.30100225181286
808,0.0,339,436,434,33.30930972872375,180.30823341289806,85.91996523617263
809,0.0,431,434,438,55.4030319429894,170.38310354972327,84.557148465218
810,0.0,436,437,435,44.81117532807184,183.90582170935159,77.75704841335494
811,0.0,443,95,444,53.53684631276701,177.97522006525946,54.86081420944902
812,0.0,437,436,339,41.10210324345735,185.31873018885608,83.12209845093457
813,0.0,436,435,438,51.018796905928866,176.53598728503653,76.61472011852713
814,0.0,343,437,339,62.19405091212411,191.8541426934405,85.28681652935825
815,0.0,99,439,440,56.84799738025322,196.96810680638725,68.8400898934577
816,0.0,435,440,443,60.028997521490055,183.56391302317547,67.52407817053927
817,0.0,407,449,447,55.255443289425784,156.6090913947183,71.67942940228755
818,0.0,441,47,442,37.14204511121898,193.82281459579463,52.68847755354432
819,0.0,440,441,443,59.33834257993385,186.75341510194153,62.8411516834351
820,0.0,441,440,439,51.281425341248905,193.67235310129718,63.27733029893041
821,0.0,47,441,439,61.795381970427115,196.70424629491026,56.937240405472835
822,0.0,441,95,443,53.04477877532099,184.0321636414667,56.669271666520615
823,0.0,47,292,442,46.56071603391774,194.25439106412318,46.245436473725476
824,0.0,292,95,442,46.377884090669795,188.50124641003913,46.413646350269346
825,0.0,95,514,444,45.03612285395502,177.71783310363116,48.832075266229424
826,0.0,435,443,445,43.180659764162556,177.3508115742087,67.0721967385096
827,0.0,451,453,518,33.79413016539593,158.81157100783184,52.17919643657093
828,0.0,484,449,407,29.203735600252003,152.33365975681636,73.7281399765418
829,0.0,444,450,443,50.348768640572416,172.53581764100227,58.15917003185797
830,0.0,450,447,445,39.868813967115784,166.92327320140316,65.57171304455863
831,0.0,64,451,446,29.412991782298832,156.59790661402133,44.37680741675155
832,0.0,407,447,453,57.020689809069154,157.39588190956033,64.40522130111765
833,0.0,438,445,447,43.097757170994555,167.67247585323048,70.93108531664899
834,0.0,443,450,445,44.25818344140862,172.64352027971609,63.08526221155023
835,0.0,454,452,48,35.651641305998055,141.125,44.88094071159571
836,0.0,407,448,455,52.966518666954926,148.06264836889545,60.50341710648357
837,0.0,432,494,481,47.188503406879136,156.8944136922314,98.57162189848754
838,0.0,431,438,486,29.625378535354685,166.14798151769605,82.44411871256034
839,0.0,446,518,6,34.611636835043555,165.1491982239387,44.79689994626628
840,0.0,453,450,518,36.57256867343449,162.7711173154653,55.935621385438594
841,0.0,452,451,64,29.412991782298832,151.09790661402133,44.37680741675143
842,0.0,453,451,448,28.491921573764103,154.19488075286756,53.58113013916378
843,0.0,451,452,448,42.143032012892945,149.88041458299517,48.57564106561
844,0.0,63,452,64,49.5,150.41666666666674,38.0
845,0.0,407,453,448,51.54963712063909,153.3175749562031,59.72044939912996
846,0.0,518,450,444,37.858628128563396,167.3539538642947,54.55891526028554
847,0.0,48,298,454,53.821288539149464,135.70833333333337,47.99205182270694
848,0.0,298,405,456,34.232420462090886,130.0735379443105,57.01397310072821
849,0.0,455,402,485,32.492760063678816,141.1562588139427,64.7959160510062
850,0.0,448,454,455,35.464272725777846,144.46704755153792,54.86823114136132
851,0.0,402,456,405,35.73187288574945,132.68720316332895,61.96583305997036
852,0.0,454,456,455,34.6926128344312,139.26509885680707,55.9398702057872
853,0.0,211,457,215,32.94240784405247,43.96614938864268,146.4921045527039
854,0.0,12,457,216,42.617261302450515,34.77803840859889,151.72709933538408
855,0.0,380,459,44,30.58272652697866,4.295528573166237,48.49818121926634
856,0.0,488,496,487,33.24356124557664,10.699074484761383,192.22933292386233
857,0.0,460,459,359,25.979778255058548,7.9909656356129215,41.304290082864064
858,0.0,268,460,359,31.545046815247787,12.152817504421527,38.720956749530714
859,0.0,80,460,363,49.35356921893282,6.001753809008326,29.821906685002972
860,0.0,517,516,351,30.158966532424188,36.558047875997715,52.08137351691488
861,0.0,516,360,351,33.25845538126214,31.227754698790932,52.59238384300028
862,0.0,189,462,188,38.01753847038799,49.667697067587255,67.96948303143267
863,0.0,463,185,271,47.98189673299362,61.67998197946952,56.773571540971574
864,0.0,271,46,463,57.31428050643399,62.33011365701884,49.69850839712467
865,0.0,4,461,92,52.5,35.583333333333336,34.0
866,0.0,46,93,464,51.0,57.91666666666666,37.999999999999986
867,0.0,463,46,464,51.1094658684824,58.1634469903521,46.00858555831232
868,0.0,463,464,465,29.32934244944181,54.18611076003359,48.33573455480863
869,0.0,60,465,464,29.671149705327934,50.522663769681486,44.327148996496305
870,0.0,363,466,80,40.69168026461618,5.553035082205715,23.82433583144909
871,0.0,467,377,497,53.406726396059625,14.71150024483288,13.834416859530881
872,0.0,376,467,0,58.30125978831432,3.10940052204343,7.276067188710097
873,0.0,467,376,466,39.373809980706426,5.258166760860741,13.526067188710098
874,0.0,468,372,4,32.52985395169247,30.799085314398752,24.31373713977942
875,0.0,378,397,470,33.15583046877538,44.15548263695892,16.849243505297444
876,0.0,241,469,19,30.08851271556216,4.4544061918569575,98.54966265116605
877,0.0,384,469,367,41.655990537416244,9.010493199443133,90.81072264332096
878,0.0,472,470,471,34.90111830749716,40.11707562568773,9.569972285554305
879,0.0,396,471,89,44.08520046957176,44.30841555552641,2.3512106917104942
880,0.0,397,471,470,31.212636541141478,44.922231525818624,11.890746570005017
881,0.0,364,472,396,49.043870853322446,32.33502759360252,2.6156731121771992
882,0.0,373,470,472,34.8040831293485,34.836347691201354,12.103035879226024
883,0.0,411,473,304,32.693352471214894,180.23094208285124,189.33087890190654
884,0.0,148,416,473,29.782556713704253,181.25,198.4115969752702
885,0.0,2,474,416,50.685087636782555,193.13012865937344,197.2967953260404
886,0.0,475,474,413,37.522215069504455,194.6537659493505,187.3097592523394
887,0.0,156,475,413,49.55680081270475,197.35697062332383,181.67963059297745
888,0.0,475,414,412,42.88058622641438,188.68103248001262,177.99071570011438
889,0.0,141,476,73,49.26176151684922,120.41900299874308,177.18017952544778
890,0.0,491,146,490,39.43002342159343,109.41558710939034,188.08768134872162
891,0.0,326,483,479,26.91373209874564,156.03537431559744,109.40001949420775
892,0.0,146,491,476,52.416218518133974,113.16792344146643,184.83054972710556
893,0.0,428,478,427,31.413082037955064,141.94339696582324,106.59741148427815
894,0.0,480,481,494,30.994662637579495,154.25931628855164,94.97879028989274
895,0.0,427,478,479,31.97014154985027,147.69278023969014,106.28459513480061
896,0.0,484,495,449,29.246151481259403,151.88548750619873,79.37747998452855
897,0.0,267,427,482,57.74956982081403,139.98788561831986,95.90703935004387
898,0.0,432,481,479,30.374993572976564,154.3730779470593,102.17102383926499
899,0.0,481,480,482,34.43390017559068,148.4169644536811,93.82746287213473
900,0.0,495,482,480,34.85147531821531,148.86158827516215,89.11870037555605
901,0.0,515,482,404,40.13147206744634,141.05582298432637,85.3933563913173
902,0.0,430,483,333,34.49355630261016,166.60512413445622,109.7366435614806
903,0.0,479,483,432,26.91373209874746,158.15650700296328,105.87584351617511
904,0.0,484,407,485,26.246431497049343,148.45570478081254,70.3929310015643
905,0.0,495,484,404,29.246151481261222,147.93731419772593,79.91117938589764
906,0.0,455,485,407,37.64965213792402,146.17986107894808,65.24907165737045
907,0.0,406,485,402,27.91744338805347,139.80860127687538,69.78486539809967
908,0.0,447,486,438,40.077376408979035,164.59834168562134,75.69598015367143
909,0.0,486,449,495,28.608559213314948,156.4809754115763,81.76493382454282
910,0.0,488,487,257,34.961053442197795,13.757088575895665,187.9165696470168
911,0.0,122,487,458,50.01108796294966,18.189372191348923,197.3327419753091
912,0.0,353,488,257,38.831496837915665,10.918321885018784,183.02820105023375
913,0.0,354,3,496,39.0625,2.0833333333333357,194.45682496208178
914,0.0,497,377,372,60.844802458891664,20.687041419205105,18.19012506792952
915,0.0,0,467,489,58.30125978831432,7.276067188710097,3.10940052204343
916,0.0,18,477,490,56.00340866680017,106.25000000000091,197.0131515377725
917,0.0,117,491,477,44.88021678491896,116.91558710938989,197.60638843813786
918,0.0,476,491,419,31.283359251456204,116.84764498519132,187.95122897958004
919,0.0,115,492,146,38.17001957226785,102.41272572139678,180.63278483757222
920,0.0,493,492,112,26.9415100902188,98.99797968160817,187.30991661525525
921,0.0,137,493,112,30.04972411698691,94.71712342297155,189.65420244282404
922,0.0,18,490,493,30.76397356183952,101.58525396020974,194.4457510771507
923,0.0,433,494,432,46.82835520756271,164.51815900763313,97.88663364759259
924,0.0,486,494,431,31.2369463278701,163.48232152333776,88.43153128654296
925,0.0,482,495,404,36.39833635472041,145.9005746575499,85.3075530547319
926,0.0,486,495,480,48.93975218280593,155.49381572071934,86.10978054673751
927,0.0,487,496,458,34.43762003901816,11.939372191348866,195.95623360405716
928,0.0,354,496,488,32.619840709174355,5.009702293412474,190.72992428188672
929,0.0,373,498,497,29.80475116391227,25.20397059625794,11.19784482604964
930,0.0,489,499,364,24.868179358108737,18.75,1.3263028990991326
931,0.0,472,498,373,28.172861422247166,30.16308319226121,10.034919557813943
932,0.0,499,498,364,26.55279631451514,23.38370131095197,3.8612750593536567
933,0.0,467,499,489,35.460778081456375,13.526067188710098,4.435703421142562
934,0.0,498,499,497,26.552796314515128,21.59294964188458,7.639873439766555
935,0.0,98,507,277,35.95031514248876,147.98987094907716,5.691799537617683
936,0.0,503,96,502,32.151891457669535,124.64407906947656,13.46383912829863
937,0.0,62,502,101,34.87949064563759,133.1342185344482,19.881066642563024
938,0.0,501,508,507,31.774761803923525,138.9356449146976,4.7156581426123765
939,0.0,508,503,502,38.07371992955643,129.20472398417428,10.44172024825383
940,0.0,85,87,506,49.12721028565858,102.965801969756,15.074951539791485
941,0.0,96,503,505,35.59123803568099,119.60727854673667,12.775372050732017
942,0.0,503,504,505,54.801660905247786,116.48227854673667,6.962325572633986
943,0.0,503,500,504,53.6204684454089,120.05152720169463,2.859758317088474
944,0.0,511,504,16,22.60961495053749,106.25,1.2058461306953348
945,0.0,511,505,504,41.7033419109583,111.01408467837524,5.308413386240846
946,0.0,389,506,16,60.908438289409844,98.74047972695382,6.0184410718996695
947,0.0,500,508,501,52.32989246349814,132.68564491469772,2.790927598053237
948,0.0,509,277,507,32.80073055276466,145.3155554672187,10.491630453289503
949,0.0,509,502,62,53.23552658379913,136.91823638592325,17.21130531130605
950,0.0,502,509,508,37.806411983732005,135.64554796728748,12.381792846837186
951,0.0,100,509,62,36.431723910297706,143.15901785147503,19.88986322512274
952,0.0,104,510,87,37.47435445595511,111.15118075601731,24.004864194634877
953,0.0,409,510,65,33.166801927252436,119.90118075601731,27.47300556744743
954,0.0,16,506,511,25.036507554976396,103.59080196975617,4.748939043299375
955,0.0,505,511,506,35.70163599102,108.35488664813117,8.851506298844894
956,0.0,217,512,222,41.78912196423744,40.7517690230996,114.15743041699159
957,0.0,234,512,223,45.26822017255472,33.37205600797461,107.99985271448986
958,0.0,187,513,185,37.46604226693398,63.87518807153083,67.74634733723025
959,0.0,347,513,180,35.32856716567903,75.29745551754377,71.56278529653264
960,0.0,444,514,6,45.036122853956385,173.47097775771772,45.99719872301898
961,0.0,292,514,95,56.661754399917754,184.2063531481681,44.197491643482294
962,0.0,406,515,404,36.380218180614975,139.4690612855694,79.84207272538202
963,0.0,482,515,267,38.34734875495178,137.6293229686794,89.74662648189019
964,0.0,15,516,461,30.705076323988692,34.224899906302014,44.55875636033244
965,0.0,517,351,368,50.037654488019484,40.490452076507786,53.94195648997744
966,0.0,465,517,368,27.93292212328629,46.62109913922677,51.00257987724018
967,0.0,461,517,60,27.073098568185515,42.107797929399936,44.2560915473488
968,0.0,6,518,444,42.45207570946104,168.54650094264116,48.42568289466715
969,0.0,451,518,446,37.17645307096063,159.9971048379598,47.17370736301757
